robot_id,concentration,timestep,effective_msg

28973,0.0000,0

28973,0.0000,1

28973,0.0000,1

28973,0.0000,2

28973,0.0000,3

28973,0.0000,4

28973,0.0000,4

28973,0.0000,5

28973,0.0000,9

28973,0.0000,9

18989,0.0000,10

18989,0.0000,11

18989,0.0000,12

18989,0.0000,18

18989,0.0000,25

28973,0.0000,28

28973,0.0000,28

28973,0.0000,29

28973,0.0000,29

18989,0.0000,33

18989,0.0000,34

28973,0.0000,35

28973,0.0000,35

18989,0.0000,36

28973,0.0000,36

28973,0.0000,37

28973,0.0000,38

28973,0.0000,39

28973,0.0000,39

28973,0.0000,40

28973,0.0000,40

18989,0.0000,41

28973,0.0000,48

28973,0.0000,48

28973,0.0000,52

28973,0.0000,52

18989,0.0000,55

28973,0.0000,58

28973,0.0000,58

18989,0.0000,69

28973,0.0000,69

28973,0.0000,70

18989,0.0000,70

18989,0.0000,73

18989,0.0000,77

28973,0.0000,79

28973,0.0000,81

28973,0.0000,81

18989,0.0000,82

18989,0.0000,84

28973,0.0000,88

28973,0.0000,88

18989,0.0000,89

18989,0.0000,90

18989,0.0000,94

18989,0.0000,95

18989,0.0000,96

18989,0.0000,97

18989,0.0000,113

18989,0.0000,124

18989,0.0000,127

18989,0.0000,132

18989,0.0000,137

28973,0.0000,158

28973,0.0000,158

28973,0.0000,162

28973,0.0000,162

28973,0.0000,167

28973,0.0000,168

28973,0.0000,168

28973,0.0000,174

28973,0.0000,174

28973,0.0000,184

28973,0.0000,184

28973,0.0000,185

28973,0.0000,185

28973,0.0000,189

28973,0.0000,191

28973,0.0000,195

28973,0.0000,195

28973,0.0000,196

28973,0.0000,197

28973,0.0000,208

28973,0.0000,208

28973,0.0000,211

28973,0.0000,211

28973,0.0000,213

28973,0.0000,218

28973,0.0000,218

28973,0.0000,223

28973,0.0000,223

28973,0.0000,224

28973,0.0000,224

28973,0.0000,225

28973,0.0000,225

28973,0.0000,238

28973,0.0000,238

28973,0.0000,239

28973,0.0000,239

28973,0.0000,240

28973,0.0000,240

28973,0.0000,243

28973,0.0000,243

28973,0.0000,247

28973,0.0000,248

28973,0.0000,250

28973,0.0000,250

28973,0.0000,251

28973,0.0000,251

28973,0.0000,254

28973,0.0000,254

28973,0.0000,255

28973,0.0000,255

28973,0.0000,262

28973,0.0000,262

28973,0.0000,267

28973,0.0000,268

28973,0.0000,275

28973,0.0000,275

28973,0.0000,279

28973,0.0000,280

28973,0.0000,282

28973,0.0000,284

28973,0.0000,284

28973,0.0000,287

21793,0.0000,303

21793,0.0000,309

21793,0.0000,311

21793,0.0000,313

21793,0.0000,321

21793,0.0000,323

21793,0.0000,324

28973,0.0000,325

28973,0.0000,326

28973,0.0000,326

21793,0.0000,337

28973,0.0000,340

28973,0.0000,340

28973,0.0000,341

28973,0.0000,341

28973,0.0000,353

28973,0.0000,353

21793,0.0000,354

28973,0.0000,354

28973,0.0000,354

21793,0.0000,357

17965,0.6804,358

21793,0.0000,359

21793,0.0000,359

17965,0.6804,360

17965,0.6804,361

28973,0.0000,364

28973,0.0000,364

28973,0.0000,373

28973,0.0000,373

17965,0.6804,374

17965,0.6804,375

17965,0.6804,375

28973,0.0000,376

28973,0.0000,376

17965,0.6804,381

17965,0.6804,381

28973,0.0000,383

28973,0.0000,383

21793,0.0000,385

21793,0.0000,392

28973,0.0000,397

17965,0.6804,398

17965,0.6804,399

21793,0.0000,444

21793,0.0068,459

28973,0.0001,470

17965,0.6124,471

28973,0.0001,471

28973,0.0001,472

28973,0.0001,481

28973,0.0001,481

28973,0.0001,484

17965,0.6124,485

17965,0.6124,489

21793,0.0123,490

21793,0.0123,491

17965,0.6124,494

21793,0.0123,494

17965,0.6124,495

17965,0.6124,496

17965,0.6124,497

17965,0.6124,499

17965,0.6124,502

21793,0.0123,504

21793,0.0123,504

17965,0.6124,509

17965,0.5524,520

17965,0.5524,530

17965,0.5524,535

17965,0.5524,536

21793,0.0723,537

21793,0.0723,537

17965,0.5524,538

17965,0.5524,539

21793,0.0723,549

21793,0.0723,549

17965,0.5524,551

21793,0.0723,551

21793,0.0723,551

17965,0.5524,554

21793,0.0723,555

21793,0.0723,555

21793,0.0723,557

21793,0.0723,557

21793,0.0723,561

21793,0.0723,561

21793,0.0723,564

21793,0.0723,564

21793,0.0723,565

21793,0.0723,565

21793,0.0723,566

21793,0.0723,566

21793,0.0723,577

17965,0.5524,579

17965,0.5524,579

21793,0.0723,582

17965,0.5524,583

17965,0.5524,584

21793,0.0723,586

21793,0.0723,590

17965,0.5524,591

21793,0.0723,591

17965,0.5524,592

28973,0.0051,595

21793,0.0723,600

28973,0.0051,601

28973,0.0051,601

21793,0.0723,623

21793,0.0723,632

21793,0.0723,637

21793,0.0723,640

21793,0.0723,646

21793,0.0723,658

21793,0.0723,660

21793,0.0752,661

21793,0.0752,665

21793,0.0752,665

21793,0.0752,668

21793,0.0752,668

21793,0.0752,672

21793,0.0752,672

21793,0.0752,673

21793,0.0752,673

21793,0.0681,675

21793,0.0681,675

21793,0.0681,679

21793,0.0681,679

21793,0.0681,683

21793,0.0681,683

21793,0.0613,698

21793,0.0613,698

21793,0.0613,700

21793,0.0613,700

21793,0.0559,701

21793,0.0559,702

21793,0.0559,711

21793,0.0559,711

21793,0.0559,712

21793,0.0559,712

21793,0.0559,714

21793,0.0559,714

21793,0.0559,719

21793,0.0559,719

21793,0.0559,720

21793,0.0559,720

21793,0.0559,722

21793,0.0559,722

21793,0.0559,724

21793,0.0559,724

20525,0.0209,734

20525,0.0209,738

20525,0.0209,743

21793,0.0559,750

21793,0.0559,756

21793,0.0559,756

21793,0.0559,761

21793,0.0559,761

21793,0.0559,763

21793,0.0559,763

21793,0.0559,764

21793,0.0559,764

21793,0.0559,766

21793,0.0559,766

21793,0.0559,768

21793,0.0559,768

21793,0.0559,772

21793,0.0559,773

21793,0.0559,774

21793,0.0559,775

21793,0.0559,776

21793,0.0559,780

21793,0.0559,781

21793,0.0559,787

21793,0.0559,788

21793,0.0559,789

21793,0.0559,791

21793,0.0559,802

21793,0.0559,806

21793,0.0559,807

21793,0.0529,813

21793,0.0529,816

21793,0.0529,835

21793,0.0529,840

21793,0.0529,848

21793,0.0529,858

21793,0.0529,858

21793,0.0529,859

21793,0.0529,859

21793,0.0529,862

21793,0.0529,862

21793,0.0529,864

21793,0.0529,876

21793,0.0529,876

21793,0.0529,880

21793,0.0529,880

21793,0.0529,890

21793,0.0529,891

21793,0.0529,892

21793,0.0529,892

21793,0.0529,900

21793,0.0529,900

21793,0.0529,905

21793,0.0529,905

21793,0.0529,908

21793,0.0529,908

21793,0.0529,909

21793,0.0529,911

21793,0.0529,911

21793,0.0529,914

21793,0.0529,914

21793,0.0529,918

21793,0.0529,918

21793,0.0529,919

21793,0.0529,919

21793,0.0529,921

21793,0.0529,921

48161,0.0048,922

48161,0.0048,923

48161,0.0048,926

48161,0.0096,930

48161,0.0096,937

48161,0.0096,939

21793,0.0481,939

21793,0.0481,940

48161,0.0096,940

21793,0.0481,941

21793,0.0481,941

21793,0.0442,944

21793,0.0442,945

21793,0.0412,959

21793,0.0387,1023

20525,0.0311,1054

20525,0.0311,1055

20525,0.0311,1055

20525,0.0311,1056

21793,0.0379,1056

21793,0.0379,1060

20525,0.0311,1064

20525,0.0311,1064

21793,0.0379,1065

21793,0.0379,1067

21793,0.0395,1070

21793,0.0395,1071

20525,0.0311,1072

20525,0.0311,1073

20525,0.0311,1076

20525,0.0311,1076

20525,0.0311,1077

20525,0.0311,1078

20525,0.0311,1079

20525,0.0311,1079

20525,0.0311,1081

20525,0.0311,1081

20525,0.0311,1085

20525,0.0311,1085

20525,0.0311,1087

20525,0.0311,1087

20525,0.0311,1088

20525,0.0311,1089

20525,0.0311,1094

20525,0.0311,1094

20525,0.0311,1096

20525,0.0311,1096

20525,0.0311,1098

20525,0.0311,1098

20525,0.0311,1107

20525,0.0311,1107

20525,0.0311,1115

20525,0.0311,1115

21793,0.0408,1119

21793,0.0408,1120

21793,0.0408,1123

20525,0.0311,1123

20525,0.0311,1124

20525,0.0321,1129

20525,0.0321,1129

21793,0.0398,1133

21793,0.0398,1134

21793,0.0398,1135

20525,0.0321,1136

21793,0.0407,1152

21793,0.0407,1152

21793,0.0407,1173

21793,0.0407,1173

21793,0.0407,1181

21793,0.0407,1195

21793,0.0407,1195

21793,0.0407,1198

21793,0.0407,1198

21793,0.0481,1262

21793,0.0481,1262

21793,0.0481,1263

21793,0.0481,1269

21793,0.0481,1269

21793,0.0481,1273

21793,0.0481,1275

21793,0.0481,1276

21793,0.0481,1288

28973,0.0250,1292

20012,0.0495,1294

20012,0.0495,1304

20012,0.0495,1309

20012,0.0471,1311

20012,0.0471,1313

28973,0.0274,1321

28973,0.0274,1325

21793,0.0481,1383

20012,0.0438,1385

21793,0.0481,1386

20012,0.0438,1390

20012,0.0438,1390

21793,0.0481,1396

20012,0.0438,1401

20012,0.0438,1401

20012,0.0438,1407

20012,0.0438,1407

21793,0.0481,1409

21793,0.0481,1415

20012,0.0438,1416

20012,0.0438,1416

20012,0.0438,1417

20012,0.0438,1417

20012,0.0438,1419

20012,0.0438,1419

21793,0.0481,1422

21793,0.0481,1425

20012,0.0438,1425

20012,0.0438,1426

21793,0.0481,1431

20012,0.0438,1434

20012,0.0438,1434

21793,0.0481,1441

21793,0.0481,1444

21793,0.0481,1446

20012,0.0438,1448

20012,0.0438,1448

20012,0.0438,1449

20012,0.0438,1473

20012,0.0438,1473

20012,0.0438,1481

20012,0.0438,1481

20012,0.0438,1492

20012,0.0438,1492

20012,0.0438,1493

20012,0.0438,1494

20012,0.0438,1498

20012,0.0438,1498

20012,0.0438,1499

20012,0.0438,1499

20012,0.0438,1505

20012,0.0438,1506

20012,0.0438,1507

20012,0.0438,1507

20012,0.0438,1508

20012,0.0438,1508

20012,0.0438,1509

20012,0.0438,1510

20012,0.0438,1513

20012,0.0438,1513

20012,0.0438,1524

20012,0.0438,1525

20012,0.0438,1530

20012,0.0438,1530

20012,0.0438,1533

20012,0.0438,1533

20012,0.0438,1541

20012,0.0438,1541

20012,0.0438,1543

20012,0.0438,1543

20012,0.0438,1551

20012,0.0438,1551

20012,0.0438,1555

20012,0.0438,1555

20012,0.0438,1560

20012,0.0438,1560

20012,0.0438,1562

20012,0.0438,1562

20012,0.0438,1564

20012,0.0438,1564

20012,0.0438,1568

20012,0.0438,1568

20012,0.0438,1571

20012,0.0438,1571

20012,0.0438,1583

20012,0.0438,1583

20012,0.0438,1584

20012,0.0438,1584

20012,0.0438,1588

20012,0.0438,1588

20012,0.0438,1591

20012,0.0438,1591

48161,0.0401,1633

48161,0.0401,1639

20012,0.0434,1645

48161,0.0401,1654

20012,0.0434,1655

48161,0.0401,1657

48161,0.0401,1665

20012,0.0548,1678

20012,0.0548,1678

20012,0.0548,1681

20012,0.0548,1682

20012,0.0548,1682

20012,0.0639,1739

20012,0.0639,1739

20012,0.0639,1740

20012,0.0639,1740

20012,0.0639,1741

20012,0.0639,1752

20012,0.0639,1752

20012,0.0639,1755

20012,0.0639,1755

3361,0.0802,1763

20012,0.0639,1764

20012,0.0639,1764

3361,0.0802,1767

17965,0.1370,1768

20012,0.0639,1770

3361,0.0802,1775

20012,0.0639,1776

20012,0.0639,1776

17965,0.1370,1777

17965,0.1370,1779

17965,0.1370,1780

20012,0.0639,1782

20012,0.0639,1782

20012,0.0639,1784

20012,0.0639,1785

20012,0.0639,1786

20012,0.0639,1786

20012,0.0639,1788

20012,0.0639,1788

20012,0.0639,1789

20012,0.0639,1793

20012,0.0639,1793

17965,0.1370,1798

17965,0.1370,1800

17965,0.1370,1802

20012,0.0639,1803

20012,0.0639,1804

20012,0.0639,1812

20012,0.0639,1812

20012,0.0639,1818

20012,0.0639,1818

20012,0.0639,1819

20012,0.0639,1820

17965,0.1370,1820

17965,0.1370,1824

17965,0.1297,1832

20012,0.0712,1833

48161,0.0384,1833

20012,0.0712,1836

48161,0.0384,1837

20012,0.0771,1845

20012,0.0818,1848

48161,0.0384,1848

48161,0.0384,1849

20012,0.0818,1857

48161,0.0384,1857

48161,0.0384,1858

48161,0.0384,1859

48161,0.0384,1859

20012,0.0818,1860

20012,0.0774,1911

20012,0.0774,1914

48161,0.0428,1915

48161,0.0428,1921

20012,0.0760,1922

20012,0.0760,1925

20012,0.0760,1926

48161,0.0428,1936

20012,0.0748,1943

20012,0.0748,1947

20012,0.0748,1951

20012,0.0748,1954

20012,0.0748,1955

20012,0.0748,1960

20012,0.0748,1964

48161,0.0435,2037

48161,0.0435,2043

48161,0.0435,2046

48161,0.0466,2062

48161,0.0466,2063

48161,0.0485,2064

48161,0.0485,2069

48161,0.0508,2085

3361,0.0685,2087

3361,0.0685,2088

3361,0.0685,2090

48161,0.0526,2147

28973,0.0470,2149

48161,0.0526,2157

48161,0.0526,2168

48161,0.0526,2169

48161,0.0526,2180

48161,0.0526,2187

48161,0.0526,2189

48161,0.0526,2195

48161,0.0526,2200

48161,0.0526,2202

48161,0.0526,2203

48161,0.0526,2205

48161,0.0526,2206

48161,0.0526,2207

48161,0.0526,2210

48161,0.0542,2264

48161,0.0542,2265

20012,0.0746,2266

48161,0.0542,2266

20012,0.0746,2267

20012,0.0746,2267

20012,0.0725,2272

20012,0.0725,2273

48161,0.0563,2284

48161,0.0563,2284

48161,0.0563,2285

48161,0.0563,2285

20012,0.0725,2287

20012,0.0725,2287

48161,0.0563,2288

48161,0.0563,2288

48161,0.0563,2294

48161,0.0563,2294

48161,0.0563,2304

48161,0.0563,2304

48161,0.0563,2306

48161,0.0563,2306

48161,0.0563,2310

48161,0.0563,2310

48161,0.0563,2311

48161,0.0563,2311

48161,0.0563,2313

48161,0.0563,2313

48161,0.0563,2332

48161,0.0563,2336

48161,0.0563,2336

28973,0.0539,2337

20012,0.0716,2339

20012,0.0716,2344

48161,0.0563,2346

48161,0.0563,2346

48161,0.0563,2348

48161,0.0563,2349

48161,0.0563,2351

48161,0.0563,2351

20012,0.0699,2352

20012,0.0699,2355

48161,0.0563,2357

48161,0.0563,2357

48161,0.0563,2358

48161,0.0563,2358

48161,0.0563,2360

48161,0.0563,2360

48161,0.0563,2364

48161,0.0563,2364

48161,0.0563,2369

48161,0.0563,2369

48161,0.0563,2371

48161,0.0563,2371

20012,0.0699,2372

48161,0.0563,2373

48161,0.0563,2373

48161,0.0563,2374

48161,0.0563,2374

48161,0.0563,2378

48161,0.0563,2378

48161,0.0563,2379

48161,0.0563,2379

20012,0.0699,2380

28973,0.0565,2380

48161,0.0563,2380

48161,0.0563,2381

48161,0.0563,2381

48161,0.0563,2382

20012,0.0699,2383

28973,0.0565,2384

20012,0.0699,2385

28973,0.0565,2387

28973,0.0565,2389

48161,0.0563,2389

48161,0.0563,2390

48161,0.0563,2390

48161,0.0563,2391

20012,0.0699,2391

20012,0.0699,2392

20012,0.0699,2395

48161,0.0563,2396

48161,0.0563,2397

48161,0.0563,2397

48161,0.0563,2397

48161,0.0563,2399

48161,0.0563,2399

48161,0.0563,2404

48161,0.0563,2404

48161,0.0563,2405

48161,0.0563,2405

48161,0.0563,2411

48161,0.0563,2412

48161,0.0563,2412

48161,0.0563,2413

48161,0.0563,2414

48161,0.0563,2414

48161,0.0563,2415

48161,0.0563,2415

48161,0.0563,2419

48161,0.0563,2419

48161,0.0563,2422

48161,0.0563,2423

20012,0.0686,2424

48161,0.0563,2427

48161,0.0563,2427

48161,0.0563,2429

48161,0.0563,2431

48161,0.0563,2431

48161,0.0563,2432

48161,0.0563,2432

20012,0.0675,2437

20012,0.0675,2439

20012,0.0675,2451

20012,0.0675,2453

20012,0.0675,2464

20012,0.0675,2470

20012,0.0675,2475

20012,0.0675,2485

28973,0.0589,2486

20012,0.0675,2488

28973,0.0589,2493

28973,0.0589,2498

28973,0.0589,2499

28973,0.0589,2501

28973,0.0589,2514

28973,0.0589,2514

28973,0.0589,2518

28973,0.0589,2525

28973,0.0589,2639

28973,0.0589,2640

48161,0.0596,2643

28973,0.0589,2645

28973,0.0589,2645

48161,0.0596,2646

48161,0.0596,2648

28973,0.0589,2648

28973,0.0589,2649

48161,0.0596,2649

48161,0.0596,2650

28973,0.0589,2650

28973,0.0589,2651

28973,0.0589,2651

28973,0.0589,2652

48161,0.0596,2653

28973,0.0589,2654

3361,0.0606,2659

3361,0.0606,2659

3361,0.0606,2660

3361,0.0606,2660

3361,0.0606,2668

48161,0.0596,2674

48161,0.0596,2675

3361,0.0607,2678

3361,0.0607,2679

48161,0.0596,2682

3361,0.0607,2684

3361,0.0607,2685

3361,0.0606,2698

3361,0.0606,2700

3361,0.0606,2705

3361,0.0606,2706

3361,0.0606,2721

48161,0.0597,2735

3361,0.0606,2736

3361,0.0606,2739

3361,0.0606,2746

48161,0.0611,2750

48161,0.0611,2751

3361,0.0606,2752

48161,0.0611,2754

3361,0.0606,2761

48161,0.0621,2770

3361,0.0606,2776

3361,0.0606,2779

48161,0.0621,2780

48161,0.0621,2781

3361,0.0606,2784

48161,0.0621,2788

48161,0.0621,2792

48161,0.0621,2796

48161,0.0621,2797

48161,0.0621,2799

48161,0.0621,2799

48161,0.0621,2801

48161,0.0621,2806

25889,0.0485,2830

25889,0.0485,2832

25889,0.0485,2835

25889,0.0485,2837

25889,0.0485,2838

48161,0.0621,2839

25889,0.0485,2840

37677,0.0505,2840

37677,0.0520,2850

25889,0.0485,2862

25889,0.0485,2863

25889,0.0485,2871

25889,0.0485,2874

25889,0.0485,2882

25889,0.0485,2883

25889,0.0499,2894

25889,0.0499,2895

25889,0.0499,2898

25889,0.0499,2905

37677,0.0533,2906

37677,0.0533,2909

25889,0.0499,2915

25889,0.0499,2918

25889,0.0499,2922

37677,0.0533,2925

25889,0.0499,2927

37677,0.0533,2930

25889,0.0499,2938

25889,0.0499,2939

25889,0.0499,2941

25889,0.0499,2958

25889,0.0499,2969

25889,0.0499,2970

25889,0.0499,2976

37677,0.0568,3133

37677,0.0568,3134

37677,0.0568,3139

37677,0.0568,3139

37677,0.0568,3144

37677,0.0568,3144

37677,0.0568,3147

37677,0.0568,3147

48161,0.0576,3148

48161,0.0576,3149

37677,0.0568,3153

37677,0.0568,3153

37677,0.0568,3154

37677,0.0568,3154

37677,0.0568,3155

37677,0.0568,3156

37677,0.0568,3158

37677,0.0568,3158

48161,0.0576,3163

37677,0.0568,3164

37677,0.0568,3173

37677,0.0568,3173

48161,0.0576,3176

37677,0.0568,3183

37677,0.0568,3183

37677,0.0568,3185

37677,0.0568,3186

37677,0.0568,3187

37677,0.0568,3187

37677,0.0568,3189

37677,0.0568,3189

37677,0.0568,3190

37677,0.0568,3191

37677,0.0568,3191

48161,0.0576,3287

48161,0.0576,3306

48161,0.0576,3315

48161,0.0576,3318

48161,0.0576,3318

48161,0.0576,3321

48161,0.0576,3322

48161,0.0576,3323

48161,0.0577,3337

48161,0.0577,3339

48161,0.0577,3340

48161,0.0577,3341

48161,0.0577,3346

48161,0.0577,3356

20012,0.0560,3357

48161,0.0577,3359

48161,0.0577,3360

48161,0.0577,3362

48161,0.0577,3363

48161,0.0577,3364

48161,0.0577,3402

48161,0.0577,3402

48161,0.0577,3409

48161,0.0577,3409

48161,0.0577,3414

48161,0.0577,3418

48161,0.0577,3419

48161,0.0577,3421

48161,0.0577,3424

48161,0.0577,3428

48161,0.0577,3429

48161,0.0577,3430

48161,0.0577,3430

48161,0.0577,3432

48161,0.0577,3432

48161,0.0577,3433

48161,0.0577,3433

48161,0.0577,3435

48161,0.0577,3436

48161,0.0577,3436

48161,0.0577,3437

48161,0.0577,3437

48161,0.0577,3439

48161,0.0577,3439

48161,0.0577,3441

48161,0.0577,3441

48161,0.0577,3448

48161,0.0577,3448

48161,0.0577,3449

48161,0.0577,3449

48161,0.0577,3462

48161,0.0577,3462

48161,0.0577,3466

48161,0.0577,3467

48161,0.0577,3472

48161,0.0577,3474

48161,0.0577,3474

48161,0.0577,3477

48161,0.0577,3477

48161,0.0576,3502

48161,0.0576,3503

48161,0.0576,3503

48161,0.0576,3504

48161,0.0576,3515

48161,0.0576,3515

48161,0.0576,3517

48161,0.0576,3517

48161,0.0576,3522

48161,0.0576,3522

48161,0.0576,3523

48161,0.0576,3523

48161,0.0576,3543

48161,0.0576,3544

48161,0.0576,3546

48161,0.0576,3546

48161,0.0576,3552

48161,0.0576,3553

48161,0.0576,3555

48161,0.0576,3555

48161,0.0576,3557

48161,0.0576,3558

48161,0.0576,3558

48161,0.0576,3559

48161,0.0576,3559

48161,0.0576,3559

48161,0.0576,3560

48161,0.0576,3564

48161,0.0562,3651

48161,0.0551,3663

48161,0.0551,3664

48161,0.0551,3674

48161,0.0551,3679

48161,0.0551,3680

37677,0.0571,3693

37677,0.0569,3697

37677,0.0569,3701

37677,0.0569,3704

37677,0.0569,3704

37677,0.0569,3718

37677,0.0569,3718

37677,0.0569,3724

37677,0.0569,3724

37677,0.0569,3727

37677,0.0569,3727

37677,0.0569,3739

37677,0.0569,3739

37677,0.0569,3741

37677,0.0569,3741

37677,0.0569,3748

37677,0.0569,3748

37677,0.0569,3754

37677,0.0569,3754

37677,0.0569,3755

37677,0.0569,3755

48161,0.0549,3827

48161,0.0549,3831

48161,0.0549,3846

48161,0.0549,3851

48161,0.0549,3854

48161,0.0549,3864

48161,0.0549,3871

48161,0.0549,3873

48161,0.0549,3874

48161,0.0549,3875

48161,0.0549,3882

20012,0.0543,3994

48161,0.0543,3995

48161,0.0543,3995

20012,0.0543,3996

20012,0.0543,3998

48161,0.0543,3999

27937,0.0499,4000

48161,0.0543,4001

27937,0.0499,4002

20012,0.0543,4005

48161,0.0543,4009

48161,0.0543,4016

27937,0.0499,4018

27937,0.0499,4019

48161,0.0543,4020

48161,0.0543,4021

48161,0.0543,4022

48161,0.0543,4026

48161,0.0543,4027

48161,0.0543,4029

27937,0.0504,4034

48161,0.0543,4036

48161,0.0543,4037

27937,0.0504,4041

27937,0.0504,4044

48161,0.0543,4047

27937,0.0504,4048

27937,0.0504,4050

27937,0.0504,4052

27937,0.0504,4058

48161,0.0543,4064

48161,0.0543,4064

48161,0.0543,4065

48161,0.0543,4065

48161,0.0543,4067

48161,0.0543,4067

27937,0.0504,4076

48161,0.0543,4077

48161,0.0543,4077

37677,0.0540,4079

37677,0.0540,4083

27937,0.0504,4084

37677,0.0540,4085

48161,0.0543,4085

48161,0.0543,4086

27937,0.0504,4086

37677,0.0540,4087

48161,0.0543,4090

48161,0.0543,4090

48161,0.0543,4097

48161,0.0543,4097

36140,0.0528,4099

48161,0.0543,4100

48161,0.0543,4100

36140,0.0528,4101

37677,0.0541,4101

36140,0.0528,4103

48161,0.0543,4103

48161,0.0543,4104

37677,0.0541,4105

37677,0.0541,4105

48161,0.0543,4105

48161,0.0543,4106

37677,0.0541,4106

36140,0.0528,4107

48161,0.0543,4108

48161,0.0543,4110

36140,0.0528,4114

36140,0.0528,4123

36140,0.0528,4125

48161,0.0543,4131

48161,0.0543,4137

36140,0.0528,4142

36140,0.0528,4151

36140,0.0528,4164

17965,0.0549,4168

36140,0.0528,4178

17965,0.0545,4179

17965,0.0545,4189

17965,0.0545,4192

36140,0.0528,4199

36140,0.0528,4205

36140,0.0528,4206

36140,0.0528,4207

36140,0.0528,4221

36140,0.0528,4223

36140,0.0528,4224

36140,0.0528,4228

36140,0.0528,4229

36140,0.0528,4233

36140,0.0528,4234

36140,0.0528,4240

36140,0.0528,4249

36140,0.0528,4254

36140,0.0528,4260

36140,0.0528,4264

36140,0.0528,4268

36140,0.0528,4280

36140,0.0528,4286

36140,0.0528,4298

36140,0.0528,4302

17965,0.0538,4304

36140,0.0528,4305

36140,0.0528,4306

17965,0.0538,4310

17965,0.0538,4316

17965,0.0538,4318

17965,0.0538,4318

17965,0.0538,4320

17965,0.0538,4320

36140,0.0528,4321

17965,0.0538,4321

17965,0.0538,4321

36140,0.0528,4322

36140,0.0528,4323

17965,0.0538,4324

17965,0.0538,4324

17965,0.0538,4325

17965,0.0538,4325

17965,0.0538,4326

17965,0.0538,4326

36140,0.0528,4327

17965,0.0538,4328

17965,0.0538,4335

17965,0.0538,4335

17965,0.0538,4336

17965,0.0538,4337

36140,0.0528,4338

36140,0.0528,4339

17965,0.0538,4339

17965,0.0538,4340

36140,0.0528,4341

17965,0.0537,4347

17965,0.0537,4347

36140,0.0529,4353

36140,0.0529,4353

36140,0.0529,4355

36140,0.0529,4356

17965,0.0537,4360

17965,0.0537,4360

36140,0.0529,4366

36140,0.0529,4366

36140,0.0529,4367

36140,0.0529,4367

17965,0.0537,4367

17965,0.0537,4368

36140,0.0529,4368

36140,0.0529,4369

17965,0.0537,4373

17965,0.0537,4373

17965,0.0537,4374

17965,0.0537,4374

17965,0.0537,4377

17965,0.0537,4377

17965,0.0537,4382

17965,0.0537,4382

17965,0.0537,4383

17965,0.0537,4383

17965,0.0537,4384

17965,0.0537,4384

17965,0.0537,4406

17965,0.0537,4406

17965,0.0537,4409

17965,0.0537,4410

17965,0.0537,4410

17965,0.0537,4410

36140,0.0530,4411

36140,0.0530,4411

36140,0.0530,4413

36140,0.0530,4413

36140,0.0530,4414

36140,0.0530,4414

36140,0.0530,4416

36140,0.0530,4425

36140,0.0530,4425

36140,0.0530,4428

36140,0.0530,4428

36140,0.0530,4438

36140,0.0530,4438

36140,0.0530,4443

36140,0.0530,4443

36140,0.0530,4446

36140,0.0530,4446

36140,0.0530,4453

36140,0.0530,4453

36140,0.0530,4456

36140,0.0530,4456

36140,0.0530,4458

36140,0.0530,4458

36140,0.0530,4460

36140,0.0530,4460

36140,0.0530,4463

36140,0.0530,4463

36140,0.0531,4473

36140,0.0531,4473

36140,0.0531,4475

36140,0.0531,4475

17965,0.0528,4516

17965,0.0528,4516

17965,0.0528,4518

17965,0.0528,4518

17965,0.0529,4525

17965,0.0529,4525

17965,0.0527,4531

17965,0.0527,4531

17965,0.0527,4532

36140,0.0533,4572

36140,0.0531,4579

36140,0.0530,4599

36140,0.0530,4607

36140,0.0530,4609

36140,0.0530,4616

36140,0.0530,4629

36140,0.0530,4631

36140,0.0530,4634

36140,0.0530,4635

36140,0.0530,4636

36140,0.0530,4637

17965,0.0526,4641

17965,0.0527,4653

17965,0.0527,4653

17965,0.0527,4657

17965,0.0527,4657

36140,0.0530,4668

17965,0.0527,4670

36140,0.0530,4684

36140,0.0530,4685

36140,0.0530,4685

36140,0.0530,4685

36140,0.0530,4693

36140,0.0530,4693

36140,0.0530,4695

36140,0.0530,4696

36140,0.0530,4696

36140,0.0530,4697

36140,0.0530,4698

36140,0.0530,4701

36140,0.0530,4707

36140,0.0530,4707

36140,0.0530,4709

36140,0.0530,4710

36140,0.0530,4712

36140,0.0530,4712

17965,0.0524,4719

17965,0.0524,4721

17965,0.0524,4726

17965,0.0524,4726

17965,0.0524,4733

17965,0.0524,4733

25889,0.0534,4744

25889,0.0534,4744

36140,0.0531,4747

25889,0.0534,4748

36140,0.0531,4753

36140,0.0531,4764

17965,0.0525,4808

17965,0.0525,4809

25889,0.0534,4810

25889,0.0534,4811

17965,0.0525,4825

17965,0.0525,4828

17965,0.0525,4829

17965,0.0525,4829

17965,0.0525,4830

17965,0.0525,4830

17965,0.0525,4833

17965,0.0525,4833

17965,0.0525,4853

17965,0.0525,4853

17965,0.0525,4855

17965,0.0525,4856

17965,0.0525,4858

17965,0.0525,4858

17965,0.0525,4860

17965,0.0525,4860

17965,0.0525,4870

17965,0.0525,4870

17965,0.0525,4876

17965,0.0525,4876

17965,0.0525,4879

17965,0.0525,4879

17965,0.0525,4880

17965,0.0525,4880

17965,0.0525,4880

17965,0.0525,4881

17965,0.0525,4882

17965,0.0525,4883

17965,0.0525,4883

17965,0.0525,4884

17965,0.0525,4892

17965,0.0525,4892

17965,0.0525,4895

17965,0.0525,4896

17965,0.0525,4899

17965,0.0525,4899

17965,0.0525,4900

17965,0.0525,4900

17965,0.0525,4901

17965,0.0525,4902

17965,0.0525,4913

17965,0.0525,4913

17965,0.0525,4914

17965,0.0525,4914

17965,0.0525,4915

17965,0.0525,4915

17965,0.0525,4920

17965,0.0525,4920

17965,0.0525,4940

17965,0.0525,4940

17965,0.0525,4941

17965,0.0525,4941

17965,0.0525,4942

17965,0.0525,4942

3361,0.0527,4948

3361,0.0527,4964

17965,0.0525,4978

17965,0.0525,4978

17965,0.0526,4998

17965,0.0526,4998

17965,0.0526,5013

17965,0.0526,5013

17965,0.0527,5016

17965,0.0527,5016

17965,0.0527,5024

17965,0.0527,5024

17965,0.0527,5025

17965,0.0527,5025

17965,0.0527,5026

17965,0.0527,5028

17965,0.0527,5028

17965,0.0527,5033

17965,0.0527,5033

17965,0.0527,5036

36140,0.0529,5036

17965,0.0527,5036

36140,0.0529,5037

17965,0.0527,5039

17965,0.0527,5039

36140,0.0529,5043

36140,0.0529,5043

17965,0.0527,5043

17965,0.0527,5044

36140,0.0529,5044

17965,0.0527,5044

17965,0.0527,5045

36140,0.0529,5045

17965,0.0527,5045

17965,0.0527,5046

36140,0.0529,5046

17965,0.0527,5046

36140,0.0529,5047

36140,0.0529,5047

17965,0.0527,5047

17965,0.0527,5048

36140,0.0529,5048

17965,0.0527,5049

17965,0.0527,5050

17965,0.0527,5050

17965,0.0527,5051

17965,0.0527,5051

36140,0.0529,5057

36140,0.0529,5057

36140,0.0529,5062

36140,0.0529,5062

17965,0.0527,5062

17965,0.0527,5063

36140,0.0529,5063

36140,0.0529,5063

17965,0.0527,5064

36140,0.0529,5064

36140,0.0529,5064

17965,0.0527,5067

17965,0.0527,5069

17965,0.0527,5069

17965,0.0527,5070

36140,0.0529,5074

36140,0.0529,5074

36140,0.0529,5075

36140,0.0529,5075

17965,0.0527,5077

36140,0.0529,5080

17965,0.0527,5087

36140,0.0529,5087

36140,0.0529,5087

36140,0.0529,5090

36140,0.0529,5090

36140,0.0529,5091

36140,0.0529,5091

17965,0.0527,5092

36140,0.0529,5093

17965,0.0527,5094

36140,0.0529,5094

17965,0.0527,5095

36140,0.0529,5099

36140,0.0529,5099

17965,0.0527,5099

17965,0.0527,5100

36140,0.0529,5107

17965,0.0527,5107

17965,0.0527,5108

36140,0.0529,5108

36140,0.0529,5110

36140,0.0529,5110

36140,0.0529,5111

36140,0.0529,5112

17965,0.0527,5115

17965,0.0527,5115

17965,0.0527,5116

17965,0.0527,5117

36140,0.0529,5117

36140,0.0529,5118

36140,0.0529,5118

36140,0.0529,5120

36140,0.0529,5120

36140,0.0529,5129

36140,0.0529,5129

18989,0.0527,5131

18989,0.0527,5132

36140,0.0529,5132

17965,0.0527,5132

17965,0.0527,5133

36140,0.0529,5133

18989,0.0527,5134

18989,0.0527,5135

36140,0.0529,5136

36140,0.0529,5136

18989,0.0527,5137

36140,0.0529,5138

36140,0.0529,5138

17965,0.0527,5139

17965,0.0527,5140

18989,0.0527,5140

36140,0.0529,5140

36140,0.0529,5141

18989,0.0527,5142

36140,0.0529,5147

36140,0.0529,5147

36140,0.0529,5148

18989,0.0527,5149

36140,0.0529,5149

17965,0.0527,5151

17965,0.0527,5151

18989,0.0527,5152

36140,0.0529,5152

36140,0.0529,5153

18989,0.0527,5161

18989,0.0527,5162

17965,0.0527,5164

17965,0.0527,5164

18989,0.0527,5166

36140,0.0529,5167

18989,0.0527,5168

36140,0.0529,5169

36140,0.0529,5169

36140,0.0529,5171

36140,0.0529,5171

36140,0.0529,5174

36140,0.0529,5174

36140,0.0529,5177

36140,0.0529,5177

18989,0.0527,5182

17965,0.0527,5184

18989,0.0527,5185

18989,0.0527,5186

17965,0.0527,5190

17965,0.0527,5191

17965,0.0527,5192

18989,0.0527,5197

17965,0.0527,5198

17965,0.0527,5198

18989,0.0527,5201

18989,0.0527,5202

17965,0.0527,5203

17965,0.0527,5205

17965,0.0527,5205

18989,0.0527,5206

17965,0.0527,5207

17965,0.0527,5207

17965,0.0527,5208

17965,0.0527,5208

18989,0.0527,5221

18989,0.0527,5222

18989,0.0527,5223

17965,0.0526,5224

17965,0.0526,5224

17965,0.0526,5226

17965,0.0526,5226

18989,0.0527,5229

18989,0.0527,5230

18989,0.0527,5244

18989,0.0527,5246

20012,0.0526,5248

18989,0.0527,5259

18989,0.0527,5264

18989,0.0527,5280

17965,0.0527,5281

17965,0.0527,5281

17965,0.0527,5285

18989,0.0527,5286

17965,0.0527,5286

17965,0.0527,5288

17965,0.0527,5288

17965,0.0527,5290

17965,0.0527,5290

18989,0.0527,5291

18989,0.0527,5295

18989,0.0527,5296

17965,0.0527,5304

17965,0.0527,5304

18989,0.0527,5305

17965,0.0527,5305

17965,0.0527,5306

17965,0.0527,5307

17965,0.0527,5307

17965,0.0527,5311

17965,0.0527,5311

18989,0.0527,5315

17965,0.0527,5321

17965,0.0527,5321

17965,0.0527,5322

17965,0.0527,5322

17965,0.0527,5323

17965,0.0527,5323

17965,0.0527,5324

17965,0.0527,5324

17965,0.0527,5327

18989,0.0527,5334

17965,0.0527,5338

18989,0.0527,5339

17965,0.0527,5339

18989,0.0527,5340

18989,0.0527,5345

18989,0.0527,5347

17965,0.0527,5349

17965,0.0527,5350

17965,0.0527,5351

18989,0.0527,5359

17965,0.0527,5360

17965,0.0527,5361

18989,0.0527,5366

17965,0.0527,5372

17965,0.0527,5373

18989,0.0527,5374

17965,0.0527,5375

18989,0.0527,5376

18989,0.0527,5378

17965,0.0527,5381

17965,0.0527,5381

17965,0.0527,5383

17965,0.0527,5383

18989,0.0527,5386

18989,0.0527,5391

18989,0.0527,5393

17965,0.0527,5394

17965,0.0527,5394

18989,0.0527,5395

17965,0.0527,5396

17965,0.0527,5396

17965,0.0527,5397

17965,0.0527,5397

18989,0.0527,5398

17965,0.0527,5398

17965,0.0527,5399

18989,0.0527,5402

18989,0.0527,5404

18989,0.0527,5407

17965,0.0527,5408

17965,0.0527,5408

17965,0.0527,5411

17965,0.0527,5411

18989,0.0527,5412

17965,0.0527,5420

17965,0.0527,5421

17965,0.0527,5425

17965,0.0527,5425

18989,0.0527,5426

17965,0.0527,5428

17965,0.0527,5428

18989,0.0527,5434

17965,0.0527,5435

17965,0.0527,5435

17965,0.0527,5437

17965,0.0527,5437

18989,0.0527,5438

17965,0.0527,5440

17965,0.0527,5440

17965,0.0527,5442

17965,0.0527,5442

17965,0.0527,5444

17965,0.0527,5444

18989,0.0527,5445

18989,0.0527,5447

18989,0.0527,5451

17965,0.0527,5454

17965,0.0527,5454

17965,0.0527,5455

17965,0.0527,5455

18989,0.0527,5458

18989,0.0527,5461

18989,0.0527,5462

18989,0.0527,5464

17965,0.0527,5465

17965,0.0527,5465

18989,0.0527,5466

18989,0.0527,5467

18989,0.0527,5468

17965,0.0527,5468

17965,0.0527,5469

18989,0.0527,5469

18989,0.0527,5470

18989,0.0527,5470

17965,0.0527,5471

18989,0.0527,5477

17965,0.0527,5478

18989,0.0527,5479

17965,0.0527,5488

17965,0.0527,5489

18989,0.0527,5490

20012,0.0525,5511

20012,0.0525,5526

20012,0.0525,5537

17965,0.0527,5542

20012,0.0525,5543

17965,0.0527,5544

20012,0.0525,5544

20012,0.0525,5544

20012,0.0525,5545

20012,0.0525,5545

17965,0.0527,5557

17965,0.0527,5561

17965,0.0527,5563

25889,0.0530,5563

25889,0.0530,5570

17965,0.0526,5575

17965,0.0527,5583

17965,0.0527,5585

25889,0.0529,5589

25889,0.0529,5590

17965,0.0527,5591

25889,0.0529,5592

17965,0.0527,5604

17965,0.0527,5606

17965,0.0527,5609

17965,0.0527,5610

17965,0.0527,5611

17965,0.0527,5611

17965,0.0527,5616

17965,0.0527,5617

25889,0.0529,5641

17965,0.0527,5643

25889,0.0529,5644

25889,0.0529,5651

25889,0.0529,5655

17965,0.0527,5659

17965,0.0527,5660

17965,0.0527,5669

17965,0.0527,5670

17965,0.0527,5670

17965,0.0527,5672

17965,0.0527,5672

17965,0.0527,5672

17965,0.0527,5673

17965,0.0527,5673

17965,0.0527,5676

17965,0.0527,5676

17965,0.0527,5682

17965,0.0527,5684

17965,0.0527,5685

17965,0.0527,5688

17965,0.0527,5694

17965,0.0527,5695

17965,0.0527,5695

17965,0.0527,5698

17965,0.0527,5699

17965,0.0527,5705

25889,0.0529,5707

17965,0.0527,5715

17965,0.0527,5717

17965,0.0527,5728

17965,0.0527,5735

17965,0.0527,5739

17965,0.0527,5739

17965,0.0527,5745

17965,0.0527,5745

17965,0.0527,5746

17965,0.0527,5746

17965,0.0527,5747

17965,0.0527,5747

17965,0.0527,5749

17965,0.0527,5749

17965,0.0527,5776

17965,0.0527,5778

17965,0.0527,5783

17965,0.0527,5785

17965,0.0527,5786

17965,0.0526,5792

17965,0.0526,5803

17965,0.0526,5807

17965,0.0526,5808

17965,0.0526,5811

17965,0.0526,5819

17965,0.0526,5846

17965,0.0526,5847

17965,0.0526,5850

17965,0.0526,5852

17965,0.0526,5855

17965,0.0526,5856

17965,0.0526,5857

28973,0.0526,5911

17965,0.0526,5912

28973,0.0526,5916

17965,0.0526,5919

17965,0.0526,5920

28973,0.0525,5925

28973,0.0525,5926

17965,0.0526,5927

17965,0.0526,5931

17965,0.0526,5932

17965,0.0526,5932

17965,0.0526,5946

28973,0.0524,5948

17965,0.0526,5949

17965,0.0526,5949

17965,0.0526,5950

17965,0.0526,5956

17965,0.0526,5957

17965,0.0526,5957

17965,0.0526,5958

17965,0.0526,5958

17965,0.0526,5960

17965,0.0526,5962

17965,0.0526,5962

17965,0.0526,5966

17965,0.0526,5966

17965,0.0526,5969

17965,0.0526,5970

17965,0.0526,5970

17965,0.0526,5973

17965,0.0526,5973

17965,0.0526,5977

17965,0.0526,5977

17965,0.0526,5980

17965,0.0526,5980

17965,0.0526,5982

17965,0.0526,5983

17965,0.0526,5989

17965,0.0526,5991

28973,0.0524,5998

28973,0.0524,5999

28973,0.0524,6010

17965,0.0526,6011

17965,0.0526,6017

28973,0.0524,6019

17965,0.0526,6020

28973,0.0524,6020

28973,0.0524,6022

17965,0.0526,6023

17965,0.0526,6025

28973,0.0524,6026

28973,0.0524,6028

28973,0.0524,6029

17965,0.0526,6033

17965,0.0526,6037

17965,0.0526,6038

17965,0.0526,6041

17965,0.0526,6051

17965,0.0526,6052

17965,0.0526,6057

17965,0.0526,6064

17965,0.0526,6067

17965,0.0526,6069

33581,0.0522,6070

33581,0.0522,6070

17965,0.0526,6071

33581,0.0522,6071

33581,0.0522,6072

33581,0.0522,6072

33581,0.0522,6073

33581,0.0522,6073

33581,0.0522,6074

17965,0.0526,6076

28973,0.0524,6085

17965,0.0526,6086

28973,0.0524,6087

17965,0.0526,6088

17965,0.0526,6091

28973,0.0524,6092

28973,0.0524,6094

17965,0.0526,6095

17965,0.0526,6097

17965,0.0526,6097

28973,0.0524,6098

17965,0.0526,6100

28973,0.0524,6100

17965,0.0526,6101

28973,0.0524,6102

28973,0.0524,6105

17965,0.0526,6105

28973,0.0524,6107

28973,0.0524,6109

17965,0.0526,6109

28973,0.0524,6110

17965,0.0526,6111

17965,0.0526,6112

28973,0.0524,6113

28973,0.0524,6114

17965,0.0526,6114

17965,0.0526,6115

28973,0.0524,6115

17965,0.0526,6117

17965,0.0526,6117

17965,0.0526,6118

28973,0.0524,6119

33581,0.0522,6119

33581,0.0522,6120

33581,0.0522,6120

33581,0.0522,6121

28973,0.0524,6122

17965,0.0526,6123

17965,0.0526,6123

17965,0.0526,6124

17965,0.0526,6125

17965,0.0526,6125

28973,0.0524,6126

17965,0.0526,6127

17965,0.0526,6127

17965,0.0526,6128

28973,0.0524,6134

28973,0.0524,6139

17965,0.0526,6142

17965,0.0526,6142

17965,0.0526,6145

17965,0.0526,6145

17965,0.0526,6147

17965,0.0526,6148

17965,0.0526,6149

17965,0.0526,6150

17965,0.0526,6152

17965,0.0526,6155

28973,0.0523,6158

33581,0.0522,6163

17965,0.0526,6164

17965,0.0526,6175

33581,0.0522,6176

17965,0.0526,6185

17965,0.0526,6189

17965,0.0526,6201

17965,0.0526,6203

17965,0.0526,6208

28973,0.0523,6220

28973,0.0523,6227

28973,0.0523,6228

28973,0.0523,6230

28973,0.0523,6230

17965,0.0526,6231

17965,0.0526,6234

17965,0.0526,6245

17965,0.0526,6251

33581,0.0522,6259

33581,0.0522,6262

33581,0.0522,6262

33581,0.0522,6265

17965,0.0525,6268

17965,0.0525,6269

33581,0.0522,6270

33581,0.0522,6270

17965,0.0525,6271

17965,0.0525,6272

17965,0.0525,6273

33581,0.0522,6274

33581,0.0522,6274

17965,0.0525,6275

17965,0.0525,6277

17965,0.0525,6280

28973,0.0523,6282

33581,0.0522,6287

33581,0.0522,6287

33581,0.0522,6288

33581,0.0522,6288

17965,0.0525,6288

17965,0.0525,6289

33581,0.0522,6289

33581,0.0522,6289

28973,0.0523,6290

17965,0.0525,6294

17965,0.0525,6294

28973,0.0523,6295

28973,0.0523,6296

33581,0.0522,6299

33581,0.0522,6300

33581,0.0522,6300

33581,0.0522,6301

33581,0.0522,6301

17965,0.0525,6302

33581,0.0522,6302

17965,0.0525,6302

33581,0.0522,6303

28973,0.0523,6304

28973,0.0523,6312

17965,0.0525,6313

17965,0.0525,6313

28973,0.0523,6314

17965,0.0525,6314

17965,0.0525,6315

39969,0.0523,6316

39969,0.0523,6317

39969,0.0523,6319

